tick,timestamp,N,K,k_cav_req,n_cav_kept,policy,filter_on,filter_mode,encode_ms,filter_ms,fusion_ms,detection_ms,tracking_ms,prediction_ms,edge_ms,n_dets,n_tracks,n_preds,n_gt,n_gt_inrange,n_gt_occluded,det_tp,det_fp,det_fn,det_tp_occluded,det_tp_visible,det_fn_occluded,det_fn_visible,trk_idsw,pred_ade,deadline_met,peak_alloc_mb,reserved_mb,config,town,rsu
0,000258,24,24,23,23,amort_only,False,none,1042.59,0.0,197.43,51.47,7.65,104.89,361.44,35,1,1,74,43,4,30,5,13,4,26,0,13,0,4.58,False,5549.7,8478.0,amort_only,Town05__2023_11_13_23_03_07,rsu_250
1,000260,24,24,23,23,amort_only,False,none,1145.76,0.0,192.43,16.22,11.77,0.03,220.45,32,1,1,74,43,4,26,6,17,3,23,1,16,0,4.49,False,6316.0,10834.0,amort_only,Town05__2023_11_13_23_03_07,rsu_250
2,000262,24,24,23,23,amort_only,False,none,1135.63,0.0,196.24,16.91,15.13,0.03,228.31,36,1,1,74,43,6,30,6,13,4,26,2,11,0,4.44,False,6320.7,13194.0,amort_only,Town05__2023_11_13_23_03_07,rsu_250
3,000264,24,24,23,23,amort_only,False,none,1137.84,0.0,194.72,18.23,13.3,0.02,226.28,33,1,1,74,42,6,27,6,15,4,23,2,13,0,4.42,False,6326.8,13194.0,amort_only,Town05__2023_11_13_23_03_07,rsu_250
4,000266,24,24,23,23,amort_only,False,none,1139.58,0.0,194.62,15.23,11.36,0.03,221.23,30,1,1,74,42,6,24,6,18,3,21,3,15,0,4.42,False,6326.1,13194.0,amort_only,Town05__2023_11_13_23_03_07,rsu_250
5,000268,24,24,23,23,amort_only,False,none,1153.8,0.0,192.77,16.72,12.65,0.03,222.17,31,1,1,74,42,6,25,6,17,3,22,3,14,0,4.42,False,6326.1,13194.0,amort_only,Town05__2023_11_13_23_03_07,rsu_250
6,000270,24,24,23,23,amort_only,False,none,1311.29,0.0,190.38,15.55,13.36,0.03,219.32,33,1,1,74,41,6,27,6,14,4,23,2,12,0,4.42,False,6329.4,6716.0,amort_only,Town05__2023_11_13_23_03_07,rsu_250
7,000272,24,24,23,23,amort_only,False,none,1153.83,0.0,191.12,17.6,13.23,0.03,221.98,33,1,1,74,41,6,27,6,14,4,23,2,12,0,4.42,False,6336.4,9084.0,amort_only,Town05__2023_11_13_23_03_07,rsu_250
8,000274,24,24,23,23,amort_only,False,none,1143.41,0.0,190.32,17.07,12.77,0.03,220.19,33,1,1,74,42,7,27,6,15,4,23,3,12,0,4.4,False,6342.0,11456.0,amort_only,Town05__2023_11_13_23_03_07,rsu_250
9,000276,24,24,23,23,amort_only,False,none,1009.85,0.0,194.32,20.88,13.73,0.02,228.96,34,1,1,74,42,8,28,6,14,5,23,3,11,0,4.37,False,6340.8,11456.0,amort_only,Town05__2023_11_13_23_03_07,rsu_250
10,000278,23,23,22,22,amort_only,False,none,963.87,0.0,182.75,18.71,13.65,0.02,215.13,34,1,1,74,42,7,28,6,14,5,23,2,12,0,4.34,False,6172.7,11456.0,amort_only,Town05__2023_11_13_23_03_07,rsu_250
11,000280,23,23,22,22,amort_only,False,none,1107.57,0.0,182.29,18.07,13.0,28.07,241.42,33,1,1,74,42,7,27,6,15,4,23,3,12,0,4.28,False,6144.1,11464.0,amort_only,Town05__2023_11_13_23_03_07,rsu_250
12,000282,23,23,22,22,amort_only,False,none,1124.59,0.0,178.54,22.0,14.5,0.03,215.06,35,1,1,74,42,7,29,6,13,5,24,2,11,0,4.2,False,6141.6,11464.0,amort_only,Town05__2023_11_13_23_03_07,rsu_250
13,000284,23,23,22,22,amort_only,False,none,1123.87,0.0,183.03,18.49,14.6,0.03,216.15,34,1,1,74,41,6,28,6,13,5,23,1,12,0,4.11,False,6142.7,11464.0,amort_only,Town05__2023_11_13_23_03_07,rsu_250
14,000286,23,23,22,22,amort_only,False,none,1098.77,0.0,177.32,17.28,13.58,0.02,208.2,35,1,1,74,41,6,29,6,12,5,24,1,11,0,4.0,False,6135.9,11464.0,amort_only,Town05__2023_11_13_23_03_07,rsu_250
15,000288,23,23,22,22,amort_only,False,none,1129.29,0.0,183.0,15.74,13.05,0.03,211.82,33,1,1,74,41,6,27,6,14,5,22,1,13,0,3.89,False,6136.5,11464.0,amort_only,Town05__2023_11_13_23_03_07,rsu_250
16,000290,23,23,22,22,amort_only,False,none,961.28,0.0,184.14,15.13,11.34,0.02,210.63,30,1,1,73,41,5,25,5,16,2,23,3,13,0,3.77,False,6135.7,11464.0,amort_only,Town05__2023_11_13_23_03_07,rsu_250
17,000292,23,23,22,22,amort_only,False,none,1122.72,0.0,185.38,18.17,12.23,0.02,215.8,32,1,1,74,41,4,26,6,15,3,23,1,14,0,3.65,False,6135.7,11464.0,amort_only,Town05__2023_11_13_23_03_07,rsu_250
18,000294,23,23,22,22,amort_only,False,none,1119.5,0.0,186.8,17.51,12.17,0.02,216.51,32,1,1,74,41,4,26,6,15,3,23,1,14,0,3.52,False,6135.3,11464.0,amort_only,Town05__2023_11_13_23_03_07,rsu_250
19,000296,23,23,22,22,amort_only,False,none,1120.54,0.0,184.65,17.25,12.27,0.02,214.2,32,1,1,74,41,4,25,7,16,3,22,1,15,0,3.39,False,6132.7,11464.0,amort_only,Town05__2023_11_13_23_03_07,rsu_250
20,000298,23,23,22,22,amort_only,False,none,957.97,0.0,178.85,18.56,12.42,0.02,209.86,32,1,1,74,42,4,26,6,16,3,23,1,15,0,3.27,False,6128.7,11464.0,amort_only,Town05__2023_11_13_23_03_07,rsu_250
21,000300,23,23,22,22,amort_only,False,none,1112.34,0.0,177.33,15.32,13.09,0.02,205.75,33,1,1,74,42,4,27,6,15,3,24,1,14,0,3.15,False,6122.3,11464.0,amort_only,Town05__2023_11_13_23_03_07,rsu_250
22,000302,23,23,22,22,amort_only,False,none,1094.34,0.0,177.88,20.03,10.96,31.75,240.63,30,1,1,74,42,4,24,6,18,3,21,1,17,0,2.97,False,6121.1,11464.0,amort_only,Town05__2023_11_13_23_03_07,rsu_250
23,000304,23,23,22,22,amort_only,False,none,1128.18,0.0,183.19,20.07,12.11,0.03,215.41,34,1,1,74,42,3,28,6,14,3,25,0,14,0,2.89,False,6120.1,11464.0,amort_only,Town05__2023_11_13_23_03_07,rsu_250
24,000306,23,23,22,22,amort_only,False,none,975.4,0.0,187.54,20.12,12.67,0.03,220.35,33,1,1,74,42,3,27,6,15,3,24,0,15,0,2.84,False,6117.2,11464.0,amort_only,Town05__2023_11_13_23_03_07,rsu_250
25,000308,23,23,22,22,amort_only,False,none,1120.81,0.0,181.85,19.86,12.77,0.02,214.5,34,1,1,74,42,3,28,6,14,3,25,0,14,0,2.84,False,6114.0,11464.0,amort_only,Town05__2023_11_13_23_03_07,rsu_250
26,000310,23,23,22,22,amort_only,False,none,1118.48,0.0,182.47,17.59,13.78,0.02,213.86,35,1,1,74,42,3,29,6,13,3,26,0,13,0,2.88,False,6106.2,11464.0,amort_only,Town05__2023_11_13_23_03_07,rsu_250
27,000312,23,23,22,22,amort_only,False,none,961.59,0.0,183.67,19.77,12.21,0.03,215.68,33,1,1,74,42,3,27,6,15,2,25,1,14,0,2.98,False,6109.2,11464.0,amort_only,Town05__2023_11_13_23_03_07,rsu_250
28,000314,23,23,22,22,amort_only,False,none,963.45,0.0,183.42,18.71,13.18,0.02,215.33,33,1,1,74,42,3,27,6,15,3,24,0,15,0,3.13,False,6113.1,11464.0,amort_only,Town05__2023_11_13_23_03_07,rsu_250
29,000316,23,23,22,22,amort_only,False,none,1122.81,0.0,178.25,19.23,12.1,0.02,209.61,32,1,1,74,42,3,27,5,15,2,25,1,14,0,3.34,False,6105.4,11464.0,amort_only,Town05__2023_11_13_23_03_07,rsu_250
30,000318,23,23,22,22,amort_only,False,none,1118.98,0.0,183.36,16.21,10.95,0.03,210.54,30,1,1,74,41,2,25,5,16,2,23,0,16,0,3.6,False,6106.7,11464.0,amort_only,Town05__2023_11_13_23_03_07,rsu_250
31,000320,23,23,22,22,amort_only,False,none,959.39,0.0,178.78,19.97,12.19,0.03,210.97,33,1,1,74,41,2,28,5,13,2,26,0,13,0,4.0,False,6103.2,11464.0,amort_only,Town05__2023_11_13_23_03_07,rsu_250
32,000322,23,23,22,22,amort_only,False,none,1130.22,0.0,178.37,17.33,11.54,0.03,207.27,32,1,1,74,41,2,26,6,15,2,24,0,15,0,4.37,False,6098.1,11464.0,amort_only,Town05__2023_11_13_23_03_07,rsu_250
33,000324,23,23,22,22,amort_only,False,none,960.61,0.0,183.97,16.88,11.31,32.47,244.62,32,1,1,74,41,2,27,5,14,2,25,0,14,0,4.86,False,6095.0,11464.0,amort_only,Town05__2023_11_13_23_03_07,rsu_250
34,000326,23,23,22,22,amort_only,False,none,951.9,0.0,178.55,16.92,11.68,0.03,207.18,31,1,1,74,41,2,26,5,15,2,24,0,15,0,4.51,False,6085.3,11464.0,amort_only,Town05__2023_11_13_23_03_07,rsu_250
35,000328,23,23,22,22,amort_only,False,none,1135.22,0.0,180.77,17.42,12.79,0.02,211.01,35,1,1,74,41,2,28,7,13,2,26,0,13,0,4.01,False,6079.6,11464.0,amort_only,Town05__2023_11_13_23_03_07,rsu_250
36,000330,23,23,22,22,amort_only,False,none,960.51,0.0,184.4,17.95,12.15,0.02,214.54,33,1,1,74,41,2,26,7,15,2,24,0,15,0,3.61,False,6080.2,11464.0,amort_only,Town05__2023_11_13_23_03_07,rsu_250
37,000332,23,23,22,22,amort_only,False,none,1129.27,0.0,178.29,18.94,11.85,0.03,209.11,32,1,1,75,41,2,27,5,14,2,25,0,14,0,3.29,False,6079.1,11464.0,amort_only,Town05__2023_11_13_23_03_07,rsu_250
38,000334,23,23,22,22,amort_only,False,none,1139.51,0.0,179.05,18.09,13.3,0.03,210.46,35,1,1,75,41,2,28,7,13,2,26,0,13,0,2.98,False,6075.9,11464.0,amort_only,Town05__2023_11_13_23_03_07,rsu_250
39,000336,23,23,22,22,amort_only,False,none,943.85,0.0,177.65,16.61,11.12,0.02,205.41,31,1,1,75,40,2,25,6,15,2,23,0,15,0,2.53,False,6072.6,11464.0,amort_only,Town05__2023_11_13_23_03_07,rsu_250
40,000338,23,23,22,22,amort_only,False,none,1127.49,0.0,178.9,16.46,11.77,0.02,207.15,32,1,1,75,40,3,27,5,13,2,25,1,12,0,2.26,False,6076.5,11464.0,amort_only,Town05__2023_11_13_23_03_07,rsu_250
41,000340,23,23,22,22,amort_only,False,none,930.42,0.0,177.71,16.04,10.65,0.02,204.43,30,1,1,75,40,3,25,5,15,2,23,1,14,0,2.03,False,6082.2,11464.0,amort_only,Town05__2023_11_13_23_03_07,rsu_250
42,000342,23,23,22,22,amort_only,False,none,1123.27,0.0,183.37,14.61,11.33,0.02,209.34,33,1,1,76,40,3,26,7,14,2,24,1,13,0,1.88,False,6077.4,11464.0,amort_only,Town05__2023_11_13_23_03_07,rsu_250
43,000344,23,23,22,22,amort_only,False,none,950.22,0.0,187.29,25.39,12.12,0.03,224.83,32,1,1,75,40,3,26,6,14,2,24,1,13,0,1.83,False,6074.1,11464.0,amort_only,Town05__2023_11_13_23_03_07,rsu_250
44,000346,23,23,22,22,amort_only,False,none,958.29,0.0,182.63,17.66,12.23,34.72,247.24,32,1,1,75,40,3,26,6,14,2,24,1,13,0,1.93,False,6071.0,11464.0,amort_only,Town05__2023_11_13_23_03_07,rsu_250
45,000348,23,23,22,22,amort_only,False,none,1140.23,0.0,183.91,16.23,11.1,0.02,211.26,30,1,1,75,40,3,25,5,15,2,23,1,14,0,,False,6070.6,11464.0,amort_only,Town05__2023_11_13_23_03_07,rsu_250
46,000350,23,23,22,22,amort_only,False,none,958.13,0.0,185.15,14.61,10.8,0.02,210.58,30,1,1,75,40,3,25,5,15,2,23,1,14,0,,False,6070.0,11464.0,amort_only,Town05__2023_11_13_23_03_07,rsu_250
47,000352,23,23,22,22,amort_only,False,none,1131.04,0.0,178.37,15.68,11.1,0.02,205.17,31,1,1,75,40,3,25,6,15,2,23,1,14,0,,False,6064.9,11464.0,amort_only,Town05__2023_11_13_23_03_07,rsu_250
48,000354,23,23,22,22,amort_only,False,none,941.39,0.0,178.14,18.95,11.52,0.03,208.64,32,1,1,75,40,3,26,6,14,2,24,1,13,0,,False,6066.9,11464.0,amort_only,Town05__2023_11_13_23_03_07,rsu_250
49,000356,23,23,22,22,amort_only,False,none,1149.18,0.0,177.71,16.51,10.04,0.02,204.29,30,1,1,75,40,3,24,6,16,1,23,2,14,0,,False,6067.8,11464.0,amort_only,Town05__2023_11_13_23_03_07,rsu_250
0,000258,24,24,23,23,risk_only,False,none,278.87,0.0,194.98,19.69,7.49,27.34,249.5,35,1,1,74,43,4,30,5,13,4,26,0,13,0,4.58,False,5550.7,8474.0,risk_only,Town05__2023_11_13_23_03_07,rsu_250
1,000260,24,24,23,23,risk_only,False,none,282.17,0.0,188.51,19.11,11.77,29.72,249.11,32,1,1,74,43,4,26,6,17,3,23,1,16,0,4.52,False,6316.9,10830.0,risk_only,Town05__2023_11_13_23_03_07,rsu_250
2,000262,24,24,23,23,risk_only,False,none,280.74,0.0,188.53,18.57,15.1,36.67,258.87,36,1,1,74,43,6,30,6,13,4,26,2,11,0,4.43,False,6322.6,13190.0,risk_only,Town05__2023_11_13_23_03_07,rsu_250
3,000264,24,24,23,23,risk_only,False,none,275.22,0.0,188.54,19.34,13.67,27.62,249.17,33,1,1,74,42,6,27,6,15,4,23,2,13,0,4.49,False,6327.9,13190.0,risk_only,Town05__2023_11_13_23_03_07,rsu_250
4,000266,24,24,23,23,risk_only,False,none,264.96,0.0,188.04,15.83,11.52,26.79,242.19,30,1,1,74,42,6,24,6,18,3,21,3,15,0,4.43,False,6328.0,13190.0,risk_only,Town05__2023_11_13_23_03_07,rsu_250
5,000268,24,24,23,23,risk_only,False,none,266.62,0.0,187.95,17.63,13.12,26.63,245.33,31,1,1,74,42,6,25,6,17,3,22,3,14,0,4.44,False,6327.8,13190.0,risk_only,Town05__2023_11_13_23_03_07,rsu_250
6,000270,24,24,23,23,risk_only,False,none,432.79,0.0,186.32,15.62,13.41,32.31,247.66,33,1,1,74,41,6,27,6,14,4,23,2,12,0,4.4,False,6331.3,6736.0,risk_only,Town05__2023_11_13_23_03_07,rsu_250
7,000272,24,24,23,23,risk_only,False,none,267.18,0.0,186.45,16.73,12.87,30.69,246.73,33,1,1,74,41,6,27,6,14,4,23,2,12,0,4.39,False,6337.4,9104.0,risk_only,Town05__2023_11_13_23_03_07,rsu_250
8,000274,24,24,23,23,risk_only,False,none,270.18,0.0,187.18,17.55,13.02,27.41,245.16,33,1,1,74,42,7,27,6,15,4,23,3,12,0,4.39,False,6343.7,11476.0,risk_only,Town05__2023_11_13_23_03_07,rsu_250
9,000276,24,24,23,23,risk_only,False,none,269.24,0.0,186.6,18.02,13.62,33.12,251.37,34,1,1,74,42,8,28,6,14,5,23,3,11,0,4.37,False,6341.6,11476.0,risk_only,Town05__2023_11_13_23_03_07,rsu_250
10,000278,23,23,22,22,risk_only,False,none,256.64,0.0,177.81,18.0,13.78,26.74,236.34,34,1,1,74,42,7,28,6,14,5,23,2,12,0,4.32,False,6174.4,11476.0,risk_only,Town05__2023_11_13_23_03_07,rsu_250
11,000280,23,23,22,22,risk_only,False,none,260.91,0.0,179.02,17.43,12.95,28.18,237.58,33,1,1,74,42,7,27,6,15,4,23,3,12,0,4.28,False,6145.1,11476.0,risk_only,Town05__2023_11_13_23_03_07,rsu_250
12,000282,23,23,22,22,risk_only,False,none,257.08,0.0,177.67,18.77,14.37,27.56,238.36,35,1,1,74,42,7,29,6,13,5,24,2,11,0,4.19,False,6143.5,11476.0,risk_only,Town05__2023_11_13_23_03_07,rsu_250
13,000284,23,23,22,22,risk_only,False,none,254.03,0.0,178.6,17.58,14.26,26.94,237.38,34,1,1,74,41,6,28,6,13,5,23,1,12,0,4.04,False,6143.7,11476.0,risk_only,Town05__2023_11_13_23_03_07,rsu_250
14,000286,23,23,22,22,risk_only,False,none,255.8,0.0,177.68,17.95,13.57,27.16,236.37,35,1,1,74,41,6,29,6,12,5,24,1,11,0,3.91,False,6137.8,11476.0,risk_only,Town05__2023_11_13_23_03_07,rsu_250
15,000288,23,23,22,22,risk_only,False,none,259.78,0.0,177.86,15.61,13.25,26.43,233.14,33,1,1,74,41,6,27,6,14,5,22,1,13,0,3.81,False,6137.6,11476.0,risk_only,Town05__2023_11_13_23_03_07,rsu_250
16,000290,23,23,22,22,risk_only,False,none,258.69,0.0,178.75,14.83,11.53,26.55,231.66,30,1,1,73,41,5,25,5,16,2,23,3,13,0,3.68,False,6137.6,11476.0,risk_only,Town05__2023_11_13_23_03_07,rsu_250
17,000292,23,23,22,22,risk_only,False,none,258.07,0.0,177.87,15.76,12.49,27.21,233.32,32,1,1,74,41,4,26,6,15,3,23,1,14,0,3.56,False,6136.7,11476.0,risk_only,Town05__2023_11_13_23_03_07,rsu_250
18,000294,23,23,22,22,risk_only,False,none,258.51,0.0,177.94,17.65,12.44,26.64,234.67,32,1,1,74,41,4,26,6,15,3,23,1,14,0,3.51,False,6137.2,11476.0,risk_only,Town05__2023_11_13_23_03_07,rsu_250
19,000296,23,23,22,22,risk_only,False,none,261.37,0.0,178.73,17.59,12.46,27.0,235.79,32,1,1,74,41,4,25,7,16,3,22,1,15,0,3.38,False,6133.7,11476.0,risk_only,Town05__2023_11_13_23_03_07,rsu_250
20,000298,23,23,22,22,risk_only,False,none,259.07,0.0,177.57,16.57,12.64,26.3,233.08,32,1,1,74,42,4,26,6,16,3,23,1,15,0,3.27,False,6130.6,11476.0,risk_only,Town05__2023_11_13_23_03_07,rsu_250
21,000300,23,23,22,22,risk_only,False,none,257.77,0.0,178.57,15.05,13.24,27.17,234.03,33,1,1,74,42,4,27,6,15,3,24,1,14,0,3.1,False,6123.4,11476.0,risk_only,Town05__2023_11_13_23_03_07,rsu_250
22,000302,23,23,22,22,risk_only,False,none,258.88,0.0,178.89,15.9,11.88,26.1,232.77,31,1,1,74,42,4,25,6,17,3,22,1,16,0,2.97,False,6123.0,11476.0,risk_only,Town05__2023_11_13_23_03_07,rsu_250
23,000304,23,23,22,22,risk_only,False,none,259.15,0.0,178.26,15.93,11.83,27.15,233.18,34,1,1,74,42,3,28,6,14,3,25,0,14,0,2.86,False,6121.2,11476.0,risk_only,Town05__2023_11_13_23_03_07,rsu_250
24,000306,23,23,22,22,risk_only,False,none,258.11,0.0,178.33,15.95,12.36,26.85,233.5,33,1,1,74,42,3,27,6,15,3,24,0,15,0,2.9,False,6119.1,11476.0,risk_only,Town05__2023_11_13_23_03_07,rsu_250
25,000308,23,23,22,22,risk_only,False,none,258.93,0.0,178.55,18.31,12.53,26.82,236.21,34,1,1,74,42,3,28,6,14,3,25,0,14,0,2.91,False,6115.0,11476.0,risk_only,Town05__2023_11_13_23_03_07,rsu_250
26,000310,23,23,22,22,risk_only,False,none,256.87,0.0,177.76,16.03,13.49,27.6,234.87,35,1,1,74,42,3,29,6,13,3,26,0,13,0,2.94,False,6108.1,11476.0,risk_only,Town05__2023_11_13_23_03_07,rsu_250
27,000312,23,23,22,22,risk_only,False,none,258.1,0.0,177.78,20.06,12.5,27.05,237.38,33,1,1,74,42,3,27,6,15,2,25,1,14,0,3.05,False,6110.2,11478.0,risk_only,Town05__2023_11_13_23_03_07,rsu_250
28,000314,23,23,22,22,risk_only,False,none,259.03,0.0,178.44,16.36,13.25,26.98,235.04,33,1,1,74,42,3,27,6,15,3,24,0,15,0,3.17,False,6115.0,11478.0,risk_only,Town05__2023_11_13_23_03_07,rsu_250
29,000316,23,23,22,22,risk_only,False,none,259.66,0.0,178.05,17.45,12.38,26.81,234.68,32,1,1,74,42,3,27,5,15,2,25,1,14,0,3.38,False,6106.5,11478.0,risk_only,Town05__2023_11_13_23_03_07,rsu_250
30,000318,23,23,22,22,risk_only,False,none,259.86,0.0,179.06,15.06,11.04,26.98,232.14,30,1,1,74,41,2,25,5,16,2,23,0,16,0,3.66,False,6108.7,11478.0,risk_only,Town05__2023_11_13_23_03_07,rsu_250
31,000320,23,23,22,22,risk_only,False,none,260.33,0.0,185.04,18.54,11.98,31.96,247.52,33,1,1,74,41,2,28,5,13,2,26,0,13,0,4.05,False,6104.2,11478.0,risk_only,Town05__2023_11_13_23_03_07,rsu_250
32,000322,23,23,22,22,risk_only,False,none,275.38,0.0,183.58,16.24,11.41,26.59,237.83,32,1,1,74,41,2,26,6,15,2,24,0,15,0,4.45,False,6100.0,11478.0,risk_only,Town05__2023_11_13_23_03_07,rsu_250
33,000324,23,23,22,22,risk_only,False,none,273.61,0.0,183.19,16.78,11.61,30.66,242.24,32,1,1,74,41,2,27,5,14,2,25,0,14,0,4.86,False,6096.1,11478.0,risk_only,Town05__2023_11_13_23_03_07,rsu_250
34,000326,23,23,22,22,risk_only,False,none,267.78,0.0,184.7,16.84,11.24,32.28,245.06,31,1,1,74,41,2,26,5,15,2,24,0,15,0,4.51,False,6087.2,11478.0,risk_only,Town05__2023_11_13_23_03_07,rsu_250
35,000328,23,23,22,22,risk_only,False,none,264.01,0.0,182.31,17.14,13.24,29.27,241.96,35,1,1,74,41,2,28,7,13,2,26,0,13,0,4.02,False,6080.7,11478.0,risk_only,Town05__2023_11_13_23_03_07,rsu_250
36,000330,23,23,22,22,risk_only,False,none,270.08,0.0,183.11,20.13,12.44,26.88,242.57,33,1,1,74,41,2,26,7,15,2,24,0,15,0,3.52,False,6082.1,11478.0,risk_only,Town05__2023_11_13_23_03_07,rsu_250
37,000332,23,23,22,22,risk_only,False,none,262.18,0.0,184.06,17.22,11.97,26.89,240.15,32,1,1,75,41,2,27,5,14,2,25,0,14,0,3.2,False,6080.1,11478.0,risk_only,Town05__2023_11_13_23_03_07,rsu_250
38,000334,23,23,22,22,risk_only,False,none,262.88,0.0,182.56,18.14,13.65,31.61,245.96,35,1,1,75,41,2,28,7,13,2,26,0,13,0,2.83,False,6077.8,11478.0,risk_only,Town05__2023_11_13_23_03_07,rsu_250
39,000336,23,23,22,22,risk_only,False,none,265.01,0.0,183.44,16.5,11.23,27.22,238.4,31,1,1,75,40,2,25,6,15,2,23,0,15,0,2.38,False,6073.7,11478.0,risk_only,Town05__2023_11_13_23_03_07,rsu_250
40,000338,23,23,22,22,risk_only,False,none,273.25,0.0,184.26,17.7,11.69,30.77,244.43,32,1,1,75,40,3,27,5,13,2,25,1,12,0,2.09,False,6078.4,11478.0,risk_only,Town05__2023_11_13_23_03_07,rsu_250
41,000340,23,23,22,22,risk_only,False,none,268.18,0.0,183.79,17.71,11.13,26.38,239.02,30,1,1,75,40,3,25,5,15,2,23,1,14,0,1.82,False,6083.3,11478.0,risk_only,Town05__2023_11_13_23_03_07,rsu_250
42,000342,23,23,22,22,risk_only,False,none,265.74,0.0,184.36,15.01,11.86,28.08,239.32,33,1,1,76,40,3,26,7,14,2,24,1,13,0,1.6,False,6079.4,11478.0,risk_only,Town05__2023_11_13_23_03_07,rsu_250
43,000344,23,23,22,22,risk_only,False,none,265.05,0.0,187.2,17.36,12.0,27.64,244.2,32,1,1,75,40,3,26,6,14,2,24,1,13,0,1.65,False,6075.2,11478.0,risk_only,Town05__2023_11_13_23_03_07,rsu_250
44,000346,23,23,22,22,risk_only,False,none,261.47,0.0,182.86,18.34,12.5,27.62,241.31,32,1,1,75,40,3,26,6,14,2,24,1,13,0,1.66,False,6072.9,11478.0,risk_only,Town05__2023_11_13_23_03_07,rsu_250
45,000348,23,23,22,22,risk_only,False,none,259.09,0.0,178.56,17.25,11.33,26.82,233.96,30,1,1,75,40,3,25,5,15,2,23,1,14,0,,False,6071.7,11478.0,risk_only,Town05__2023_11_13_23_03_07,rsu_250
46,000350,23,23,22,22,risk_only,False,none,259.72,0.0,178.85,15.64,10.91,32.78,238.18,30,1,1,75,40,3,25,5,15,2,23,1,14,0,,False,6072.0,11478.0,risk_only,Town05__2023_11_13_23_03_07,rsu_250
47,000352,23,23,22,22,risk_only,False,none,270.86,0.0,183.77,18.96,11.2,26.9,240.83,31,1,1,75,40,3,25,6,15,2,23,1,14,0,,False,6066.0,11478.0,risk_only,Town05__2023_11_13_23_03_07,rsu_250
48,000354,23,23,22,22,risk_only,False,none,278.51,0.0,183.84,20.3,11.36,32.44,247.94,32,1,1,75,40,3,26,6,14,2,24,1,13,0,,False,6068.8,11478.0,risk_only,Town05__2023_11_13_23_03_07,rsu_250
49,000356,23,23,22,22,risk_only,False,none,272.24,0.0,184.21,17.76,10.17,31.62,243.75,30,1,1,75,40,3,24,6,16,1,23,2,14,0,,False,6068.9,11478.0,risk_only,Town05__2023_11_13_23_03_07,rsu_250
