config,town,rsu,tick,timestamp,N,K,k_cav_req,n_cav_kept,policy,filter_on,filter_mode,encode_ms,filter_ms,fusion_ms,detection_ms,tracking_ms,prediction_ms,edge_ms,n_dets,n_tracks,n_preds,n_gt,n_gt_inrange,n_gt_occluded,det_tp,det_fp,det_fn,det_tp_occluded,det_tp_visible,det_fn_occluded,det_fn_visible,trk_idsw,pred_ade,deadline_met,peak_alloc_mb,reserved_mb
static_all,Town05__2023_11_13_23_03_07,rsu_250,0,000258,24,24,23,23,static,False,none,998.33,0.0,214.56,64.63,7.63,0.01,286.83,35,25,0,74,43,4,27,8,16,2,25,2,14,0,,False,5576.8,8498.0
static_all,Town05__2023_11_13_23_03_07,rsu_250,1,000260,24,24,23,23,static,False,none,1092.34,0.0,203.35,26.1,8.06,0.01,237.52,31,27,0,74,43,4,26,5,17,1,25,3,14,0,,False,6342.4,10854.0
static_all,Town05__2023_11_13_23_03_07,rsu_250,2,000262,24,24,23,23,static,False,none,1099.64,0.0,192.55,27.11,8.26,0.01,227.92,32,28,0,74,43,6,26,6,17,2,24,4,13,0,,False,6347.7,13214.0
static_all,Town05__2023_11_13_23_03_07,rsu_250,3,000264,24,24,23,23,static,False,none,1098.14,0.0,198.19,24.95,7.68,0.01,230.83,31,20,0,74,42,6,27,4,15,2,25,4,11,0,,False,6353.4,13214.0
static_all,Town05__2023_11_13_23_03_07,rsu_250,4,000266,24,24,23,23,static,False,none,1099.41,0.0,202.71,29.99,7.72,0.01,240.43,29,21,0,74,42,6,24,5,18,0,24,6,12,0,,False,6353.6,13214.0
static_all,Town05__2023_11_13_23_03_07,rsu_250,5,000268,24,24,23,23,static,False,none,1096.06,0.0,207.11,27.65,7.92,0.01,242.69,29,20,0,74,42,6,24,5,18,1,23,5,13,0,,False,6353.2,13214.0
static_all,Town05__2023_11_13_23_03_07,rsu_250,6,000270,24,24,23,23,static,False,none,1269.39,0.0,204.14,23.39,7.89,0.01,235.43,33,22,0,74,41,6,23,10,18,1,22,5,13,0,,False,6356.4,6752.0
static_all,Town05__2023_11_13_23_03_07,rsu_250,7,000272,24,24,23,23,static,False,none,1148.63,0.0,206.56,28.53,7.72,0.01,242.83,31,23,0,74,41,6,25,6,16,1,24,5,11,0,,False,6362.8,9120.0
static_all,Town05__2023_11_13_23_03_07,rsu_250,8,000274,24,24,23,23,static,False,none,993.99,0.0,201.44,24.59,7.63,0.01,233.68,30,23,0,74,42,7,24,6,18,1,23,6,12,0,,False,6369.4,11492.0
static_all,Town05__2023_11_13_23_03_07,rsu_250,9,000276,24,24,23,23,static,False,none,1138.91,0.0,206.54,21.93,7.67,0.01,236.15,30,23,0,74,42,8,24,6,18,2,22,6,12,0,,False,6367.1,11492.0
static_all,Town05__2023_11_13_23_03_07,rsu_250,10,000278,23,23,22,22,static,False,none,1076.38,0.0,196.11,23.28,7.92,0.01,227.32,31,22,0,74,42,7,25,6,17,3,22,4,13,0,,False,6200.2,11492.0
static_all,Town05__2023_11_13_23_03_07,rsu_250,11,000280,23,23,22,22,static,False,none,1079.06,0.0,187.41,21.7,8.09,0.01,217.22,31,23,0,74,42,7,25,6,17,3,22,4,13,0,,False,6170.5,11492.0
static_all,Town05__2023_11_13_23_03_07,rsu_250,12,000282,23,23,22,22,static,False,none,1086.6,0.0,190.98,23.47,8.46,0.01,222.92,33,25,0,74,42,7,25,8,17,3,22,4,13,0,,False,6169.3,11492.0
static_all,Town05__2023_11_13_23_03_07,rsu_250,13,000284,23,23,22,22,static,False,none,1081.66,0.0,195.32,27.32,8.08,0.01,230.73,32,25,0,74,41,6,28,4,13,4,24,2,11,0,,False,6169.1,11492.0
static_all,Town05__2023_11_13_23_03_07,rsu_250,14,000286,23,23,22,22,static,False,none,940.25,0.0,182.33,21.73,7.85,0.01,211.92,30,22,0,74,41,6,26,4,15,3,23,3,12,0,,False,6163.6,11492.0
static_all,Town05__2023_11_13_23_03_07,rsu_250,15,000288,23,23,22,22,static,False,none,936.76,0.0,194.57,21.84,7.92,0.01,224.35,30,24,0,74,41,6,24,6,17,4,20,2,15,0,,False,6162.9,11492.0
static_all,Town05__2023_11_13_23_03_07,rsu_250,16,000290,23,23,22,22,static,False,none,1071.45,0.0,183.47,25.05,8.3,0.01,216.82,35,24,0,73,41,5,25,10,16,2,23,3,13,0,,False,6163.4,11492.0
static_all,Town05__2023_11_13_23_03_07,rsu_250,17,000292,23,23,22,22,static,False,none,1071.65,0.0,178.71,24.88,9.03,0.01,212.62,35,25,0,74,41,4,26,9,15,3,23,1,14,0,,False,6162.1,11492.0
static_all,Town05__2023_11_13_23_03_07,rsu_250,18,000294,23,23,22,22,static,False,none,1079.98,0.0,191.53,27.26,9.29,0.01,228.09,34,24,0,74,41,4,25,9,16,1,24,3,13,0,,False,6162.4,11492.0
static_all,Town05__2023_11_13_23_03_07,rsu_250,19,000296,23,23,22,22,static,False,none,937.05,0.0,187.34,27.36,8.15,0.01,222.86,32,23,0,74,41,4,24,8,17,2,22,2,15,0,,False,6159.1,11492.0
static_all,Town05__2023_11_13_23_03_07,rsu_250,20,000298,23,23,22,22,static,False,none,937.73,0.0,189.63,26.25,7.8,0.01,223.69,31,22,0,74,42,4,24,7,18,2,22,2,16,0,,False,6156.4,11492.0
static_all,Town05__2023_11_13_23_03_07,rsu_250,21,000300,23,23,22,22,static,False,none,1073.22,0.0,184.61,18.88,6.62,104.09,314.2,25,23,12,74,42,4,20,5,22,1,19,3,19,0,2.45,False,6148.7,11504.0
static_all,Town05__2023_11_13_23_03_07,rsu_250,22,000302,23,23,22,22,static,False,none,1079.1,0.0,182.25,21.75,7.83,33.12,244.95,30,23,13,74,42,4,23,7,19,1,22,3,16,0,3.61,False,6152.0,11510.0
static_all,Town05__2023_11_13_23_03_07,rsu_250,23,000304,23,23,22,22,static,False,none,1087.41,0.0,181.22,26.57,7.72,31.41,246.93,30,22,13,74,42,3,24,6,18,1,23,2,16,0,4.68,False,6150.9,11516.0
static_all,Town05__2023_11_13_23_03_07,rsu_250,24,000306,23,23,22,22,static,False,none,940.5,0.0,196.92,27.63,8.23,33.84,266.61,33,23,13,74,42,3,24,9,18,1,23,2,16,0,3.32,False,6148.0,11516.0
static_all,Town05__2023_11_13_23_03_07,rsu_250,25,000308,23,23,22,22,static,False,none,1093.06,0.0,190.02,26.16,7.9,34.37,258.45,28,24,13,74,42,3,23,5,19,1,22,2,17,0,4.92,False,6144.4,11516.0
static_all,Town05__2023_11_13_23_03_07,rsu_250,26,000310,23,23,22,22,static,False,none,1086.54,0.0,188.34,28.36,8.29,35.44,260.43,31,24,14,74,42,3,24,7,18,1,23,2,16,1,5.09,False,6138.3,11516.0
static_all,Town05__2023_11_13_23_03_07,rsu_250,27,000312,23,23,22,22,static,False,none,937.39,0.0,193.19,26.12,7.51,32.68,259.5,29,22,15,74,42,3,24,5,18,1,23,2,16,0,3.2,False,6140.4,11516.0
static_all,Town05__2023_11_13_23_03_07,rsu_250,28,000314,23,23,22,22,static,False,none,1129.0,0.0,196.53,24.67,7.62,32.36,261.17,30,22,16,74,42,3,24,6,18,1,23,2,16,0,2.86,False,6145.6,11518.0
static_all,Town05__2023_11_13_23_03_07,rsu_250,29,000316,23,23,22,22,static,False,none,1091.13,0.0,183.91,23.79,8.19,34.06,249.95,33,22,16,74,42,3,25,8,17,2,23,1,16,0,2.91,False,6135.8,11518.0
static_all,Town05__2023_11_13_23_03_07,rsu_250,30,000318,23,23,22,22,static,False,none,943.43,0.0,190.39,23.43,7.17,30.39,251.38,30,22,16,74,41,2,24,6,17,2,22,0,17,0,2.6,False,6138.3,11518.0
static_all,Town05__2023_11_13_23_03_07,rsu_250,31,000320,23,23,22,22,static,False,none,935.72,0.0,184.74,28.74,8.87,32.47,254.81,35,22,16,74,41,2,26,9,15,2,24,0,15,0,3.21,False,6133.2,11518.0
static_all,Town05__2023_11_13_23_03_07,rsu_250,32,000322,23,23,22,22,static,False,none,1091.04,0.0,186.35,24.8,7.71,33.54,252.4,29,22,15,74,41,2,24,5,17,1,23,1,16,0,3.11,False,6130.6,11518.0
static_all,Town05__2023_11_13_23_03_07,rsu_250,33,000324,23,23,22,22,static,False,none,1087.64,0.0,181.45,27.18,7.99,35.06,251.68,31,23,15,74,41,2,25,6,16,2,23,0,16,0,5.43,False,6125.4,11518.0
static_all,Town05__2023_11_13_23_03_07,rsu_250,34,000326,23,23,22,22,static,False,none,939.56,0.0,190.02,27.53,8.93,31.22,257.71,33,21,14,74,41,2,27,6,14,2,25,0,14,0,4.3,False,6118.6,11518.0
static_all,Town05__2023_11_13_23_03_07,rsu_250,35,000328,23,23,22,22,static,False,none,1097.04,0.0,183.71,31.28,8.78,30.83,254.59,34,23,14,74,41,2,27,7,14,2,25,0,14,0,3.59,False,6109.7,11518.0
static_all,Town05__2023_11_13_23_03_07,rsu_250,36,000330,23,23,22,22,static,False,none,930.37,0.0,190.46,29.39,7.81,30.95,258.61,32,25,14,74,41,2,25,7,16,2,23,0,16,0,2.76,False,6110.2,11518.0
static_all,Town05__2023_11_13_23_03_07,rsu_250,37,000332,23,23,22,22,static,False,none,1102.68,0.0,183.33,25.18,8.59,32.14,249.24,33,24,13,75,41,2,26,7,15,2,24,0,15,0,3.21,False,6109.1,11518.0
static_all,Town05__2023_11_13_23_03_07,rsu_250,38,000334,23,23,22,22,static,False,none,1106.85,0.0,183.81,27.51,7.77,34.2,253.3,31,25,14,75,41,2,25,6,16,2,23,0,16,1,3.95,False,6108.0,11518.0
static_all,Town05__2023_11_13_23_03_07,rsu_250,39,000336,23,23,22,22,static,False,none,956.24,0.0,197.28,29.71,8.3,32.07,267.36,33,25,14,75,40,2,26,7,14,2,24,0,14,0,3.13,False,6104.2,11518.0
static_all,Town05__2023_11_13_23_03_07,rsu_250,40,000338,23,23,22,22,static,False,none,1108.81,0.0,196.55,28.68,8.57,33.18,266.98,33,25,15,75,40,3,25,8,15,1,24,2,13,0,4.96,False,6108.6,11518.0
static_all,Town05__2023_11_13_23_03_07,rsu_250,41,000340,23,23,22,22,static,False,none,938.35,0.0,188.38,25.42,7.7,29.76,251.25,31,24,14,75,40,3,25,6,15,1,24,2,13,0,3.92,False,6113.0,11518.0
static_all,Town05__2023_11_13_23_03_07,rsu_250,42,000342,23,23,22,22,static,False,none,1094.25,0.0,187.88,24.0,8.47,31.5,251.85,32,25,14,76,40,3,25,7,15,1,24,2,13,0,3.23,False,6107.5,11518.0
static_all,Town05__2023_11_13_23_03_07,rsu_250,43,000344,23,23,22,22,static,False,none,923.85,0.0,179.97,25.42,7.77,31.7,244.86,30,25,13,75,40,3,23,7,17,1,22,2,15,0,4.0,False,6104.5,11518.0
static_all,Town05__2023_11_13_23_03_07,rsu_250,44,000346,23,23,22,22,static,False,none,929.27,0.0,181.97,24.53,6.89,31.78,245.17,27,25,13,75,40,3,24,3,16,1,23,2,14,0,3.81,False,6102.7,11518.0
static_all,Town05__2023_11_13_23_03_07,rsu_250,45,000348,23,23,22,22,static,False,none,1088.6,0.0,187.75,25.29,8.28,33.7,255.02,32,24,14,75,40,3,24,8,16,1,23,2,14,0,,False,6100.2,11518.0
static_all,Town05__2023_11_13_23_03_07,rsu_250,46,000350,23,23,22,22,static,False,none,927.55,0.0,180.06,23.78,8.57,32.77,245.18,32,22,13,75,40,3,23,9,17,1,22,2,15,0,,False,6102.9,11518.0
static_all,Town05__2023_11_13_23_03_07,rsu_250,47,000352,23,23,22,22,static,False,none,1110.6,0.0,191.78,25.7,7.29,32.57,257.34,29,22,14,75,40,3,23,6,17,1,22,2,15,0,,False,6095.7,11518.0
static_all,Town05__2023_11_13_23_03_07,rsu_250,48,000354,23,23,22,22,static,False,none,934.85,0.0,179.36,25.85,7.89,29.16,242.25,32,21,12,75,40,3,24,8,16,2,22,1,15,0,,False,6098.4,11518.0
static_all,Town05__2023_11_13_23_03_07,rsu_250,49,000356,23,23,22,22,static,False,none,1109.25,0.0,182.66,22.37,8.35,31.02,244.4,34,22,12,75,40,3,25,9,15,2,23,1,14,0,,False,6097.1,11518.0
k_cav=2_oracle_occluded,Town05__2023_11_13_23_03_07,rsu_250,0,000258,24,3,2,2,static,True,oracle_occluded,277.91,1997.51,24.67,24.1,6.92,0.01,2053.21,33,23,0,74,43,4,27,6,16,2,25,2,14,0,,False,5610.7,11518.0
k_cav=2_oracle_occluded,Town05__2023_11_13_23_03_07,rsu_250,1,000260,24,3,2,2,static,True,oracle_occluded,270.39,1953.95,24.06,21.96,7.43,0.01,2007.41,31,26,0,74,43,4,26,5,17,2,24,2,15,0,,False,5710.7,11518.0
k_cav=2_oracle_occluded,Town05__2023_11_13_23_03_07,rsu_250,2,000262,24,3,2,2,static,True,oracle_occluded,272.84,1986.81,24.62,23.7,7.91,0.01,2043.05,31,28,0,74,43,6,25,6,18,2,23,4,14,0,,False,5716.1,11518.0
k_cav=2_oracle_occluded,Town05__2023_11_13_23_03_07,rsu_250,3,000264,24,3,2,2,static,True,oracle_occluded,267.14,1892.2,26.42,21.28,7.3,0.01,1947.21,30,19,0,74,42,6,25,5,17,2,23,4,13,1,,False,5722.1,11518.0
k_cav=2_oracle_occluded,Town05__2023_11_13_23_03_07,rsu_250,4,000266,24,3,2,2,static,True,oracle_occluded,279.8,2063.74,27.98,25.04,6.92,0.01,2123.69,28,20,0,74,42,6,22,6,20,1,21,5,15,0,,False,5720.3,11518.0
k_cav=2_oracle_occluded,Town05__2023_11_13_23_03_07,rsu_250,5,000268,24,3,2,2,static,True,oracle_occluded,276.71,2019.32,27.54,23.75,7.13,0.01,2077.75,28,18,0,74,42,6,23,5,19,2,21,4,15,1,,False,5721.0,11518.0
k_cav=2_oracle_occluded,Town05__2023_11_13_23_03_07,rsu_250,6,000270,24,3,2,2,static,True,oracle_occluded,274.21,1854.72,25.44,19.6,7.25,0.01,1907.02,30,19,0,74,41,6,22,8,19,1,21,5,14,1,,False,5724.8,11518.0
k_cav=2_oracle_occluded,Town05__2023_11_13_23_03_07,rsu_250,7,000272,24,3,2,2,static,True,oracle_occluded,275.33,1994.91,24.96,23.36,7.32,0.01,2050.56,29,21,0,74,41,6,24,5,17,1,23,5,12,0,,False,5732.2,11518.0
k_cav=2_oracle_occluded,Town05__2023_11_13_23_03_07,rsu_250,8,000274,24,3,2,2,static,True,oracle_occluded,271.72,1961.74,24.46,20.29,7.17,0.01,2013.67,28,20,0,74,42,7,23,5,19,1,22,6,13,0,,False,5738.1,11518.0
k_cav=2_oracle_occluded,Town05__2023_11_13_23_03_07,rsu_250,9,000276,24,3,2,2,static,True,oracle_occluded,275.77,1825.14,24.68,18.99,7.29,0.01,1876.1,29,22,0,74,42,8,23,6,19,2,21,6,13,1,,False,5736.4,11518.0
k_cav=2_oracle_occluded,Town05__2023_11_13_23_03_07,rsu_250,10,000278,23,3,2,2,static,True,oracle_occluded,263.51,1794.69,24.49,19.36,7.06,0.01,1845.62,28,21,0,74,42,7,24,4,18,3,21,4,14,0,,False,5568.2,11518.0
k_cav=2_oracle_occluded,Town05__2023_11_13_23_03_07,rsu_250,11,000280,23,3,2,2,static,True,oracle_occluded,259.92,1745.34,24.14,18.57,7.1,0.01,1795.16,28,22,0,74,42,7,22,6,20,3,19,4,16,0,,False,5570.3,11518.0
k_cav=2_oracle_occluded,Town05__2023_11_13_23_03_07,rsu_250,12,000282,23,3,2,2,static,True,oracle_occluded,265.8,1736.46,24.55,18.71,6.81,0.01,1786.54,27,23,0,74,42,7,21,6,21,2,19,5,16,0,,False,5567.3,11518.0
k_cav=2_oracle_occluded,Town05__2023_11_13_23_03_07,rsu_250,13,000284,23,3,2,2,static,True,oracle_occluded,266.87,1973.65,24.53,24.07,8.3,0.01,2030.56,33,22,0,74,41,6,27,6,14,4,23,2,12,0,,False,5568.9,11518.0
k_cav=2_oracle_occluded,Town05__2023_11_13_23_03_07,rsu_250,14,000286,23,3,2,2,static,True,oracle_occluded,259.69,1759.62,24.13,18.16,7.5,0.01,1809.43,29,20,0,74,41,6,25,4,16,3,22,3,13,0,,False,5562.3,11518.0
k_cav=2_oracle_occluded,Town05__2023_11_13_23_03_07,rsu_250,15,000288,23,3,2,2,static,True,oracle_occluded,263.92,1802.27,24.42,20.5,7.25,0.01,1854.45,28,22,0,74,41,6,23,5,18,4,19,2,16,0,,False,5563.3,11518.0
k_cav=2_oracle_occluded,Town05__2023_11_13_23_03_07,rsu_250,16,000290,23,3,2,2,static,True,oracle_occluded,264.15,1868.98,24.57,21.91,7.66,0.01,1923.14,30,23,0,73,41,5,24,6,17,2,22,3,14,0,,False,5562.1,11518.0
k_cav=2_oracle_occluded,Town05__2023_11_13_23_03_07,rsu_250,17,000292,23,3,2,2,static,True,oracle_occluded,262.73,1834.87,24.53,19.79,7.44,0.01,1886.64,30,23,0,74,41,4,25,5,16,3,22,1,15,0,,False,5562.8,11518.0
k_cav=2_oracle_occluded,Town05__2023_11_13_23_03_07,rsu_250,18,000294,23,3,2,2,static,True,oracle_occluded,259.78,1848.63,24.47,19.78,8.24,0.01,1901.14,30,23,0,74,41,4,23,7,18,2,21,2,16,1,,False,5561.9,11518.0
k_cav=2_oracle_occluded,Town05__2023_11_13_23_03_07,rsu_250,19,000296,23,3,2,2,static,True,oracle_occluded,266.34,1849.83,24.22,21.33,7.73,0.01,1903.13,28,23,0,74,41,4,22,6,19,2,20,2,17,0,,False,5558.9,11518.0
k_cav=2_oracle_occluded,Town05__2023_11_13_23_03_07,rsu_250,20,000298,23,3,2,2,static,True,oracle_occluded,262.89,1878.64,24.16,21.68,7.53,0.01,1932.01,30,24,0,74,42,4,23,7,19,2,21,2,17,0,,False,5554.4,11518.0
k_cav=2_oracle_occluded,Town05__2023_11_13_23_03_07,rsu_250,21,000300,23,3,2,2,static,True,oracle_occluded,258.26,1682.08,24.07,17.56,7.11,33.6,1764.42,26,24,11,74,42,4,20,6,22,1,19,3,19,0,2.27,False,5548.6,11518.0
k_cav=2_oracle_occluded,Town05__2023_11_13_23_03_07,rsu_250,22,000302,23,3,2,2,static,True,oracle_occluded,264.54,1727.12,24.58,18.15,7.37,32.22,1809.44,28,25,13,74,42,4,22,6,20,1,21,3,17,0,2.5,False,5545.7,11518.0
k_cav=2_oracle_occluded,Town05__2023_11_13_23_03_07,rsu_250,23,000304,23,3,2,2,static,True,oracle_occluded,269.93,1943.06,24.92,23.71,8.11,28.47,2028.28,30,25,12,74,42,3,24,6,18,1,23,2,16,0,2.13,False,5545.6,11518.0
k_cav=2_oracle_occluded,Town05__2023_11_13_23_03_07,rsu_250,24,000306,23,3,2,2,static,True,oracle_occluded,262.39,1915.23,24.11,23.14,8.34,28.87,1999.68,32,27,12,74,42,3,24,8,18,1,23,2,16,0,2.06,False,5541.8,11518.0
k_cav=2_oracle_occluded,Town05__2023_11_13_23_03_07,rsu_250,25,000308,23,3,2,2,static,True,oracle_occluded,266.6,1906.15,24.72,22.59,8.04,28.72,1990.22,30,27,11,74,42,3,22,8,20,1,21,2,18,0,2.25,False,5539.1,11518.0
k_cav=2_oracle_occluded,Town05__2023_11_13_23_03_07,rsu_250,26,000310,23,3,2,2,static,True,oracle_occluded,250.05,2047.96,24.6,25.41,8.22,33.34,2139.53,30,26,12,74,42,3,23,7,19,1,22,2,17,0,2.47,False,5530.8,11518.0
k_cav=2_oracle_occluded,Town05__2023_11_13_23_03_07,rsu_250,27,000312,23,3,2,2,static,True,oracle_occluded,260.49,1936.21,24.5,26.66,7.84,28.15,2023.34,29,26,12,74,42,3,24,5,18,1,23,2,16,0,1.79,False,5534.7,11518.0
k_cav=2_oracle_occluded,Town05__2023_11_13_23_03_07,rsu_250,28,000314,23,3,2,2,static,True,oracle_occluded,265.4,1822.2,24.22,20.63,7.54,30.29,1904.88,29,25,12,74,42,3,23,6,19,1,22,2,17,0,2.7,False,5537.3,11518.0
k_cav=2_oracle_occluded,Town05__2023_11_13_23_03_07,rsu_250,29,000316,23,3,2,2,static,True,oracle_occluded,263.38,1769.9,33.26,21.46,7.41,28.68,1860.71,30,24,12,74,42,3,22,8,20,2,20,1,19,0,2.12,False,5531.3,11518.0
k_cav=2_oracle_occluded,Town05__2023_11_13_23_03_07,rsu_250,30,000318,23,3,2,2,static,True,oracle_occluded,257.89,1721.24,24.55,19.12,6.74,29.07,1800.72,27,24,12,74,41,2,23,4,18,2,21,0,18,0,2.46,False,5531.3,11518.0
k_cav=2_oracle_occluded,Town05__2023_11_13_23_03_07,rsu_250,31,000320,23,3,2,2,static,True,oracle_occluded,256.45,1975.53,24.49,24.17,8.17,30.25,2062.62,31,23,12,74,41,2,25,6,16,2,23,0,16,0,2.85,False,5528.7,11518.0
k_cav=2_oracle_occluded,Town05__2023_11_13_23_03_07,rsu_250,32,000322,23,3,2,2,static,True,oracle_occluded,264.1,1841.65,24.32,20.88,7.52,30.39,1924.76,28,21,12,74,41,2,24,4,17,1,23,1,16,0,3.0,False,5523.5,11518.0
k_cav=2_oracle_occluded,Town05__2023_11_13_23_03_07,rsu_250,33,000324,23,3,2,2,static,True,oracle_occluded,261.17,1991.54,24.02,25.35,8.32,32.29,2081.51,32,24,12,74,41,2,25,7,16,2,23,0,16,0,2.97,False,5521.0,11518.0
k_cav=2_oracle_occluded,Town05__2023_11_13_23_03_07,rsu_250,34,000326,23,3,2,2,static,True,oracle_occluded,260.16,1911.15,24.02,24.09,8.7,30.29,1998.25,32,23,12,74,41,2,26,6,15,2,24,0,15,1,2.84,False,5510.7,11518.0
k_cav=2_oracle_occluded,Town05__2023_11_13_23_03_07,rsu_250,35,000328,23,3,2,2,static,True,oracle_occluded,272.74,2001.96,24.46,27.93,8.68,28.72,2091.74,33,25,12,74,41,2,26,7,15,2,24,0,15,0,2.29,False,5505.6,11518.0
k_cav=2_oracle_occluded,Town05__2023_11_13_23_03_07,rsu_250,36,000330,23,3,2,2,static,True,oracle_occluded,260.79,2067.39,24.51,29.12,9.62,31.1,2161.74,34,26,12,74,41,2,26,8,15,2,24,0,15,0,2.79,False,5504.8,11518.0
k_cav=2_oracle_occluded,Town05__2023_11_13_23_03_07,rsu_250,37,000332,23,3,2,2,static,True,oracle_occluded,261.47,1867.41,23.99,23.23,8.26,32.65,1955.53,33,25,12,75,41,2,25,8,16,2,23,0,16,1,2.2,False,5505.0,11518.0
k_cav=2_oracle_occluded,Town05__2023_11_13_23_03_07,rsu_250,38,000334,23,3,2,2,static,True,oracle_occluded,266.48,1825.17,24.07,20.99,7.61,34.68,1912.53,30,26,13,75,41,2,24,6,17,2,22,0,17,0,2.64,False,5500.5,11518.0
k_cav=2_oracle_occluded,Town05__2023_11_13_23_03_07,rsu_250,39,000336,23,3,2,2,static,True,oracle_occluded,262.67,1822.1,24.44,20.33,8.28,38.25,1913.4,32,26,13,75,40,2,26,6,14,2,24,0,14,0,2.23,False,5499.0,11518.0
k_cav=2_oracle_occluded,Town05__2023_11_13_23_03_07,rsu_250,40,000338,23,3,2,2,static,True,oracle_occluded,266.87,1907.69,24.33,21.97,7.86,40.84,2002.69,31,26,15,75,40,3,24,7,16,1,23,2,14,0,3.38,False,5501.5,11518.0
k_cav=2_oracle_occluded,Town05__2023_11_13_23_03_07,rsu_250,41,000340,23,3,2,2,static,True,oracle_occluded,264.57,1770.62,24.52,20.33,7.22,44.34,1867.02,31,25,15,75,40,3,23,8,17,1,22,2,15,0,2.16,False,5509.7,11518.0
k_cav=2_oracle_occluded,Town05__2023_11_13_23_03_07,rsu_250,42,000342,23,3,2,2,static,True,oracle_occluded,260.2,1793.47,24.52,19.57,7.64,31.43,1876.63,30,24,14,76,40,3,25,5,15,1,24,2,13,0,2.55,False,5502.8,11518.0
k_cav=2_oracle_occluded,Town05__2023_11_13_23_03_07,rsu_250,43,000344,23,3,2,2,static,True,oracle_occluded,259.59,1820.5,24.01,20.97,7.85,31.59,1904.93,30,22,14,75,40,3,22,8,18,1,21,2,16,0,2.81,False,5500.9,11518.0
k_cav=2_oracle_occluded,Town05__2023_11_13_23_03_07,rsu_250,44,000346,23,3,2,2,static,True,oracle_occluded,261.47,1867.98,27.38,22.54,6.91,36.58,1961.4,26,22,14,75,40,3,23,3,17,1,22,2,15,0,2.66,False,5497.1,11518.0
k_cav=2_oracle_occluded,Town05__2023_11_13_23_03_07,rsu_250,45,000348,23,3,2,2,static,True,oracle_occluded,262.23,1867.92,24.33,21.12,7.68,28.82,1949.87,30,21,13,75,40,3,23,7,17,1,22,2,15,0,,False,5497.7,11518.0
k_cav=2_oracle_occluded,Town05__2023_11_13_23_03_07,rsu_250,46,000350,23,3,2,2,static,True,oracle_occluded,267.91,1826.88,27.53,20.55,7.54,32.27,1914.78,29,20,12,75,40,3,22,7,18,1,21,2,16,0,,False,5494.7,11518.0
k_cav=2_oracle_occluded,Town05__2023_11_13_23_03_07,rsu_250,47,000352,23,3,2,2,static,True,oracle_occluded,270.81,1963.68,27.7,24.27,7.29,35.16,2058.11,29,20,12,75,40,3,23,6,17,1,22,2,15,0,,False,5490.5,11518.0
k_cav=2_oracle_occluded,Town05__2023_11_13_23_03_07,rsu_250,48,000354,23,3,2,2,static,True,oracle_occluded,268.62,1909.25,24.61,23.85,7.92,28.91,1994.53,31,19,12,75,40,3,24,7,16,2,22,1,15,0,,False,5493.4,11518.0
k_cav=2_oracle_occluded,Town05__2023_11_13_23_03_07,rsu_250,49,000356,23,3,2,2,static,True,oracle_occluded,263.74,1714.25,24.43,16.99,7.06,30.07,1792.81,28,22,12,75,40,3,22,6,18,2,20,1,17,0,,False,5493.0,11518.0
k_cav=4_oracle_occluded,Town05__2023_11_13_23_03_07,rsu_250,0,000258,24,5,4,4,static,True,oracle_occluded,274.77,4635.69,37.99,27.51,7.15,0.01,4708.35,33,24,0,74,43,4,26,7,17,2,24,2,15,0,,False,5610.3,11518.0
k_cav=4_oracle_occluded,Town05__2023_11_13_23_03_07,rsu_250,1,000260,24,5,4,4,static,True,oracle_occluded,274.16,4509.92,37.25,22.21,7.55,0.01,4576.94,30,28,0,74,43,4,25,5,18,2,23,2,16,0,,False,5770.8,11518.0
k_cav=4_oracle_occluded,Town05__2023_11_13_23_03_07,rsu_250,2,000262,24,5,4,4,static,True,oracle_occluded,269.76,4605.71,37.46,24.98,8.47,0.01,4676.63,32,29,0,74,43,6,26,6,17,2,24,4,13,0,,False,5776.2,11518.0
k_cav=4_oracle_occluded,Town05__2023_11_13_23_03_07,rsu_250,3,000264,24,5,4,4,static,True,oracle_occluded,271.52,4345.92,38.1,21.08,7.3,0.01,4412.42,30,20,0,74,42,6,25,5,17,2,23,4,13,1,,False,5781.0,11518.0
k_cav=4_oracle_occluded,Town05__2023_11_13_23_03_07,rsu_250,4,000266,24,5,4,4,static,True,oracle_occluded,266.48,4739.69,37.38,25.77,7.36,0.01,4810.21,29,20,0,74,42,6,23,6,19,1,22,5,14,0,,False,5780.4,11518.0
k_cav=4_oracle_occluded,Town05__2023_11_13_23_03_07,rsu_250,5,000268,24,5,4,4,static,True,oracle_occluded,265.55,4590.73,41.27,24.87,7.45,0.01,4664.34,28,20,0,74,42,6,24,4,18,2,22,4,14,1,,False,5779.4,11518.0
k_cav=4_oracle_occluded,Town05__2023_11_13_23_03_07,rsu_250,6,000270,24,5,4,4,static,True,oracle_occluded,263.2,4287.41,37.38,20.25,7.58,0.01,4352.63,31,21,0,74,41,6,23,8,18,1,22,5,13,1,,False,5784.9,11518.0
k_cav=4_oracle_occluded,Town05__2023_11_13_23_03_07,rsu_250,7,000272,24,5,4,4,static,True,oracle_occluded,267.88,4515.65,49.64,23.38,7.49,0.01,4596.18,29,23,0,74,41,6,25,4,16,1,24,5,11,0,,False,5791.3,11518.0
k_cav=4_oracle_occluded,Town05__2023_11_13_23_03_07,rsu_250,8,000274,24,5,4,4,static,True,oracle_occluded,263.52,4387.24,37.46,21.45,7.21,0.01,4453.36,28,22,0,74,42,7,23,5,19,1,22,6,13,0,,False,5797.5,11518.0
k_cav=4_oracle_occluded,Town05__2023_11_13_23_03_07,rsu_250,9,000276,24,5,4,4,static,True,oracle_occluded,269.02,4166.27,40.88,19.43,7.32,0.01,4233.91,29,22,0,74,42,8,23,6,19,2,21,6,13,1,,False,5795.5,11518.0
k_cav=4_oracle_occluded,Town05__2023_11_13_23_03_07,rsu_250,10,000278,23,5,4,4,static,True,oracle_occluded,257.35,4055.62,37.57,20.54,6.97,0.01,4120.72,28,21,0,74,42,7,24,4,18,3,21,4,14,0,,False,5628.3,11518.0
k_cav=4_oracle_occluded,Town05__2023_11_13_23_03_07,rsu_250,11,000280,23,5,4,4,static,True,oracle_occluded,253.76,3988.29,37.11,19.2,7.27,0.01,4051.87,29,22,0,74,42,7,22,7,20,3,19,4,16,0,,False,5629.2,11518.0
k_cav=4_oracle_occluded,Town05__2023_11_13_23_03_07,rsu_250,12,000282,23,5,4,4,static,True,oracle_occluded,256.43,4006.24,37.7,22.45,7.57,0.01,4073.97,29,24,0,74,42,7,23,6,19,3,20,4,15,0,,False,5627.4,11518.0
k_cav=4_oracle_occluded,Town05__2023_11_13_23_03_07,rsu_250,13,000284,23,5,4,4,static,True,oracle_occluded,259.29,4533.87,42.7,24.29,8.45,0.01,4609.32,32,22,0,74,41,6,26,6,15,4,22,2,13,1,,False,5627.8,11518.0
k_cav=4_oracle_occluded,Town05__2023_11_13_23_03_07,rsu_250,14,000286,23,5,4,4,static,True,oracle_occluded,254.38,3978.17,37.49,19.2,7.52,0.01,4042.38,29,20,0,74,41,6,25,4,16,3,22,3,13,0,,False,5621.8,11518.0
k_cav=4_oracle_occluded,Town05__2023_11_13_23_03_07,rsu_250,15,000288,23,5,4,4,static,True,oracle_occluded,259.71,4112.75,37.39,21.77,7.53,0.01,4179.45,29,22,0,74,41,6,23,6,18,4,19,2,16,0,,False,5622.2,11518.0
k_cav=4_oracle_occluded,Town05__2023_11_13_23_03_07,rsu_250,16,000290,23,5,4,4,static,True,oracle_occluded,265.06,4251.9,37.51,22.53,8.49,0.02,4320.45,31,23,0,73,41,5,24,7,17,2,22,3,14,0,,False,5621.6,11518.0
k_cav=4_oracle_occluded,Town05__2023_11_13_23_03_07,rsu_250,17,000292,23,5,4,4,static,True,oracle_occluded,256.73,4155.95,40.2,21.75,8.18,0.01,4226.09,32,22,0,74,41,4,26,6,15,3,23,1,14,0,,False,5621.6,11518.0
k_cav=4_oracle_occluded,Town05__2023_11_13_23_03_07,rsu_250,18,000294,23,5,4,4,static,True,oracle_occluded,258.35,4171.41,37.45,21.64,8.72,0.01,4239.23,31,25,0,74,41,4,24,7,17,2,22,2,15,0,,False,5621.1,11518.0
k_cav=4_oracle_occluded,Town05__2023_11_13_23_03_07,rsu_250,19,000296,23,5,4,4,static,True,oracle_occluded,255.02,4107.38,36.73,22.08,7.5,0.01,4173.71,29,24,0,74,41,4,23,6,18,2,21,2,16,0,,False,5617.8,11518.0
k_cav=4_oracle_occluded,Town05__2023_11_13_23_03_07,rsu_250,20,000298,23,5,4,4,static,True,oracle_occluded,254.18,4186.73,37.37,22.95,7.34,0.01,4254.4,30,25,0,74,42,4,23,7,19,2,21,2,17,0,,False,5614.6,11518.0
k_cav=4_oracle_occluded,Town05__2023_11_13_23_03_07,rsu_250,21,000300,23,5,4,4,static,True,oracle_occluded,252.93,3796.27,45.6,19.4,7.56,28.52,3897.34,28,24,10,74,42,4,20,8,22,1,19,3,19,0,2.51,False,5607.4,11518.0
k_cav=4_oracle_occluded,Town05__2023_11_13_23_03_07,rsu_250,22,000302,23,5,4,4,static,True,oracle_occluded,252.55,3904.18,37.47,19.74,8.39,28.33,3998.11,30,24,12,74,42,4,22,8,20,1,21,3,17,0,2.14,False,5606.4,11518.0
k_cav=4_oracle_occluded,Town05__2023_11_13_23_03_07,rsu_250,23,000304,23,5,4,4,static,True,oracle_occluded,255.16,4317.44,37.29,24.32,7.98,29.32,4416.35,31,24,11,74,42,3,25,6,17,2,23,1,16,0,2.34,False,5604.5,11518.0
k_cav=4_oracle_occluded,Town05__2023_11_13_23_03_07,rsu_250,24,000306,23,5,4,4,static,True,oracle_occluded,251.99,4288.38,37.41,24.08,8.85,29.98,4388.71,32,27,11,74,42,3,24,8,18,1,23,2,16,0,3.06,False,5602.6,11518.0
k_cav=4_oracle_occluded,Town05__2023_11_13_23_03_07,rsu_250,25,000308,23,5,4,4,static,True,oracle_occluded,249.59,4261.26,37.51,24.42,8.53,29.2,4360.92,32,28,10,74,42,3,23,9,19,1,22,2,17,0,2.77,False,5599.1,11518.0
k_cav=4_oracle_occluded,Town05__2023_11_13_23_03_07,rsu_250,26,000310,23,5,4,4,static,True,oracle_occluded,263.68,4500.92,37.59,27.1,8.51,30.04,4604.16,31,27,12,74,42,3,23,8,19,1,22,2,17,0,2.45,False,5592.3,11518.0
k_cav=4_oracle_occluded,Town05__2023_11_13_23_03_07,rsu_250,27,000312,23,5,4,4,static,True,oracle_occluded,249.15,4363.52,37.29,24.69,8.1,27.99,4461.59,30,26,12,74,42,3,24,6,18,1,23,2,16,0,1.79,False,5594.3,11518.0
k_cav=4_oracle_occluded,Town05__2023_11_13_23_03_07,rsu_250,28,000314,23,5,4,4,static,True,oracle_occluded,255.5,4095.28,37.9,21.71,7.61,29.59,4192.09,30,25,12,74,42,3,24,6,18,1,23,2,16,0,2.33,False,5598.2,11518.0
k_cav=4_oracle_occluded,Town05__2023_11_13_23_03_07,rsu_250,29,000316,23,5,4,4,static,True,oracle_occluded,256.62,4030.62,36.88,21.94,7.62,29.2,4126.27,30,24,12,74,42,3,23,7,19,2,21,1,18,0,2.38,False,5590.1,11518.0
k_cav=4_oracle_occluded,Town05__2023_11_13_23_03_07,rsu_250,30,000318,23,5,4,4,static,True,oracle_occluded,250.77,3951.23,37.38,19.75,7.33,29.88,4045.56,29,23,12,74,41,2,24,5,17,2,22,0,17,0,2.76,False,5592.8,11518.0
k_cav=4_oracle_occluded,Town05__2023_11_13_23_03_07,rsu_250,31,000320,23,5,4,4,static,True,oracle_occluded,255.9,4354.19,37.13,24.65,8.51,30.78,4455.26,32,24,12,74,41,2,26,6,15,2,24,0,15,0,2.91,False,5588.3,11518.0
k_cav=4_oracle_occluded,Town05__2023_11_13_23_03_07,rsu_250,32,000322,23,5,4,4,static,True,oracle_occluded,250.41,4102.71,37.43,21.04,7.26,30.05,4198.48,28,23,12,74,41,2,23,5,18,1,22,1,17,0,2.92,False,5584.8,11518.0
k_cav=4_oracle_occluded,Town05__2023_11_13_23_03_07,rsu_250,33,000324,23,5,4,4,static,True,oracle_occluded,250.77,4382.61,37.13,25.57,8.27,31.19,4484.76,32,24,12,74,41,2,25,7,16,2,23,0,16,0,3.14,False,5580.2,11518.0
k_cav=4_oracle_occluded,Town05__2023_11_13_23_03_07,rsu_250,34,000326,23,5,4,4,static,True,oracle_occluded,254.63,4331.51,37.49,26.83,8.35,30.56,4434.74,31,23,12,74,41,2,26,5,15,2,24,0,15,0,3.22,False,5571.6,11518.0
k_cav=4_oracle_occluded,Town05__2023_11_13_23_03_07,rsu_250,35,000328,23,5,4,4,static,True,oracle_occluded,255.44,4587.24,37.62,28.27,8.63,35.04,4696.8,33,24,11,74,41,2,26,7,15,2,24,0,15,0,2.43,False,5564.7,11518.0
k_cav=4_oracle_occluded,Town05__2023_11_13_23_03_07,rsu_250,36,000330,23,5,4,4,static,True,oracle_occluded,251.42,4659.59,37.35,28.6,9.18,38.74,4773.45,33,25,11,74,41,2,26,7,15,2,24,0,15,1,2.82,False,5565.3,11518.0
k_cav=4_oracle_occluded,Town05__2023_11_13_23_03_07,rsu_250,37,000332,23,5,4,4,static,True,oracle_occluded,251.62,4180.01,45.42,23.37,8.42,27.88,4285.11,33,25,11,75,41,2,25,8,16,2,23,0,16,1,1.94,False,5564.2,11518.0
k_cav=4_oracle_occluded,Town05__2023_11_13_23_03_07,rsu_250,38,000334,23,5,4,4,static,True,oracle_occluded,252.31,4142.2,39.01,29.19,7.92,30.49,4248.8,30,25,11,75,41,2,24,6,17,2,22,0,17,0,2.77,False,5560.6,11518.0
k_cav=4_oracle_occluded,Town05__2023_11_13_23_03_07,rsu_250,39,000336,23,5,4,4,static,True,oracle_occluded,250.4,4054.37,37.13,20.46,8.1,28.05,4148.12,32,26,12,75,40,2,26,6,14,2,24,0,14,0,2.1,False,5557.7,11518.0
k_cav=4_oracle_occluded,Town05__2023_11_13_23_03_07,rsu_250,40,000338,23,5,4,4,static,True,oracle_occluded,255.51,4237.66,44.4,25.19,8.72,31.94,4347.9,33,26,14,75,40,3,25,8,15,1,24,2,13,0,2.68,False,5561.6,11518.0
k_cav=4_oracle_occluded,Town05__2023_11_13_23_03_07,rsu_250,41,000340,23,5,4,4,static,True,oracle_occluded,251.11,4054.17,37.44,21.29,7.54,30.16,4150.6,32,26,14,75,40,3,23,9,17,1,22,2,15,0,2.29,False,5568.1,11518.0
k_cav=4_oracle_occluded,Town05__2023_11_13_23_03_07,rsu_250,42,000342,23,5,4,4,static,True,oracle_occluded,254.68,4003.28,37.68,20.96,7.88,31.54,4101.34,31,25,13,76,40,3,25,6,15,1,24,2,13,0,2.95,False,5563.3,11518.0
k_cav=4_oracle_occluded,Town05__2023_11_13_23_03_07,rsu_250,43,000344,23,5,4,4,static,True,oracle_occluded,255.97,4086.08,37.23,20.95,7.9,32.86,4185.01,30,23,13,75,40,3,22,8,18,1,21,2,16,0,2.83,False,5560.0,11518.0
k_cav=4_oracle_occluded,Town05__2023_11_13_23_03_07,rsu_250,44,000346,23,5,4,4,static,True,oracle_occluded,258.36,4111.84,37.41,21.11,7.03,33.15,4210.53,27,23,13,75,40,3,24,3,16,1,23,2,14,0,2.96,False,5558.0,11518.0
k_cav=4_oracle_occluded,Town05__2023_11_13_23_03_07,rsu_250,45,000348,23,5,4,4,static,True,oracle_occluded,259.45,4136.92,37.14,22.66,7.92,28.98,4233.62,31,22,13,75,40,3,24,7,16,1,23,2,14,0,,False,5556.8,11518.0
k_cav=4_oracle_occluded,Town05__2023_11_13_23_03_07,rsu_250,46,000350,23,5,4,4,static,True,oracle_occluded,250.4,4014.97,38.32,20.71,7.26,28.75,4110.02,28,20,12,75,40,3,21,7,19,1,20,2,17,1,,False,5555.5,11518.0
k_cav=4_oracle_occluded,Town05__2023_11_13_23_03_07,rsu_250,47,000352,23,5,4,4,static,True,oracle_occluded,252.91,4244.5,37.22,23.8,7.12,31.59,4344.23,29,20,12,75,40,3,23,6,17,1,22,2,15,0,,False,5549.2,11518.0
k_cav=4_oracle_occluded,Town05__2023_11_13_23_03_07,rsu_250,48,000354,23,5,4,4,static,True,oracle_occluded,250.91,4230.03,37.46,22.83,8.12,28.24,4326.69,32,20,13,75,40,3,24,8,16,2,22,1,15,0,,False,5553.5,11518.0
k_cav=4_oracle_occluded,Town05__2023_11_13_23_03_07,rsu_250,49,000356,23,5,4,4,static,True,oracle_occluded,257.35,3784.45,37.27,17.23,7.15,34.0,3880.1,28,22,12,75,40,3,22,6,18,2,20,1,17,1,,False,5552.2,11518.0
k_cav=8_oracle_occluded,Town05__2023_11_13_23_03_07,rsu_250,0,000258,24,9,8,8,static,True,oracle_occluded,276.17,10691.92,67.88,27.27,8.46,0.01,10795.55,34,25,0,74,43,4,26,8,17,2,24,2,15,0,,False,5610.3,11518.0
k_cav=8_oracle_occluded,Town05__2023_11_13_23_03_07,rsu_250,1,000260,24,9,8,8,static,True,oracle_occluded,271.76,10274.43,67.43,24.11,7.89,0.01,10373.87,32,31,0,74,43,4,26,6,17,2,24,2,15,0,,False,5892.3,11518.0
k_cav=8_oracle_occluded,Town05__2023_11_13_23_03_07,rsu_250,2,000262,24,9,8,8,static,True,oracle_occluded,261.21,10524.19,67.69,34.5,8.12,0.01,10634.51,31,31,0,74,43,6,26,5,17,2,24,4,13,0,,False,5897.4,11518.0
k_cav=8_oracle_occluded,Town05__2023_11_13_23_03_07,rsu_250,3,000264,24,9,8,8,static,True,oracle_occluded,259.99,10001.46,68.65,22.23,7.88,0.01,10100.23,31,21,0,74,42,6,26,5,16,2,24,4,12,3,,False,5902.0,11518.0
k_cav=8_oracle_occluded,Town05__2023_11_13_23_03_07,rsu_250,4,000266,24,9,8,8,static,True,oracle_occluded,265.9,10696.46,67.39,26.01,7.48,0.01,10797.34,30,21,0,74,42,6,24,6,18,1,23,5,13,0,,False,5902.0,11518.0
k_cav=8_oracle_occluded,Town05__2023_11_13_23_03_07,rsu_250,5,000268,24,9,8,8,static,True,oracle_occluded,264.5,10557.01,68.0,25.54,7.82,0.01,10658.38,29,19,0,74,42,6,24,5,18,2,22,4,14,0,,False,5900.4,11518.0
k_cav=8_oracle_occluded,Town05__2023_11_13_23_03_07,rsu_250,6,000270,24,9,8,8,static,True,oracle_occluded,264.11,9813.62,76.57,21.09,7.68,0.01,9918.97,31,21,0,74,41,6,23,8,18,1,22,5,13,1,,False,5906.5,11518.0
k_cav=8_oracle_occluded,Town05__2023_11_13_23_03_07,rsu_250,7,000272,24,9,8,8,static,True,oracle_occluded,260.5,10399.6,67.74,25.05,7.39,0.01,10499.79,29,22,0,74,41,6,25,4,16,1,24,5,11,0,,False,5912.3,11518.0
k_cav=8_oracle_occluded,Town05__2023_11_13_23_03_07,rsu_250,8,000274,24,9,8,8,static,True,oracle_occluded,262.73,10088.8,67.04,21.62,7.07,0.01,10184.55,28,21,0,74,42,7,23,5,19,1,22,6,13,0,,False,5918.7,11518.0
k_cav=8_oracle_occluded,Town05__2023_11_13_23_03_07,rsu_250,9,000276,24,9,8,8,static,True,oracle_occluded,265.41,9693.27,67.96,20.92,7.68,0.01,9789.84,30,22,0,74,42,8,24,6,18,2,22,6,12,1,,False,5916.5,11518.0
k_cav=8_oracle_occluded,Town05__2023_11_13_23_03_07,rsu_250,10,000278,23,9,8,8,static,True,oracle_occluded,251.14,9405.81,76.5,22.89,7.68,0.01,9512.89,30,21,0,74,42,7,25,5,17,3,22,4,13,0,,False,5750.3,11518.0
k_cav=8_oracle_occluded,Town05__2023_11_13_23_03_07,rsu_250,11,000280,23,9,8,8,static,True,oracle_occluded,248.74,9262.97,67.45,21.16,8.29,0.01,9359.89,31,22,0,74,42,7,24,7,18,3,21,4,14,0,,False,5750.2,11518.0
k_cav=8_oracle_occluded,Town05__2023_11_13_23_03_07,rsu_250,12,000282,23,7,8,6,static,True,oracle_occluded,249.38,7849.26,52.5,19.63,7.48,0.01,7928.88,29,25,0,74,42,7,23,6,19,3,20,4,15,0,,False,5749.4,11518.0
k_cav=8_oracle_occluded,Town05__2023_11_13_23_03_07,rsu_250,13,000284,23,9,8,8,static,True,oracle_occluded,254.59,10072.09,67.73,26.34,8.85,0.01,10175.03,34,23,0,74,41,6,27,7,14,4,23,2,12,1,,False,5688.8,11518.0
k_cav=8_oracle_occluded,Town05__2023_11_13_23_03_07,rsu_250,14,000286,23,9,8,8,static,True,oracle_occluded,253.79,9193.34,67.41,19.68,7.57,0.01,9288.01,29,21,0,74,41,6,25,4,16,3,22,3,13,0,,False,5742.4,11518.0
k_cav=8_oracle_occluded,Town05__2023_11_13_23_03_07,rsu_250,15,000288,23,9,8,8,static,True,oracle_occluded,253.22,9474.84,68.5,22.83,8.07,0.01,9574.25,31,23,0,74,41,6,24,7,17,4,20,2,15,0,,False,5743.1,11518.0
k_cav=8_oracle_occluded,Town05__2023_11_13_23_03_07,rsu_250,16,000290,23,9,8,8,static,True,oracle_occluded,249.49,9730.25,67.54,24.24,8.12,0.01,9830.16,33,24,0,73,41,5,26,7,15,2,24,3,12,0,,False,5742.2,11518.0
k_cav=8_oracle_occluded,Town05__2023_11_13_23_03_07,rsu_250,17,000292,23,9,8,8,static,True,oracle_occluded,259.4,9613.04,67.75,22.9,8.59,0.01,9712.3,33,23,0,74,41,4,26,7,15,3,23,1,14,0,,False,5742.3,11518.0
k_cav=8_oracle_occluded,Town05__2023_11_13_23_03_07,rsu_250,18,000294,23,7,8,6,static,True,oracle_occluded,252.46,8163.29,52.4,22.44,8.76,0.01,8246.91,32,26,0,74,41,4,25,7,16,2,23,2,14,1,,False,5741.7,11518.0
k_cav=8_oracle_occluded,Town05__2023_11_13_23_03_07,rsu_250,19,000296,23,9,8,8,static,True,oracle_occluded,252.71,9753.15,67.8,24.71,7.68,0.01,9853.35,30,24,0,74,41,4,23,7,18,2,21,2,16,1,,False,5679.2,11518.0
k_cav=8_oracle_occluded,Town05__2023_11_13_23_03_07,rsu_250,20,000298,23,9,8,8,static,True,oracle_occluded,251.52,9862.13,75.71,26.33,7.63,0.01,9971.81,30,23,0,74,42,4,24,6,18,2,22,2,16,0,,False,5735.6,11518.0
k_cav=8_oracle_occluded,Town05__2023_11_13_23_03_07,rsu_250,21,000300,23,9,8,8,static,True,oracle_occluded,249.33,9103.09,71.36,23.16,7.97,27.53,9233.1,30,23,7,74,42,4,21,9,21,1,20,3,18,0,2.22,False,5728.4,11518.0
k_cav=8_oracle_occluded,Town05__2023_11_13_23_03_07,rsu_250,22,000302,23,9,8,8,static,True,oracle_occluded,249.45,9329.98,67.52,23.31,8.62,28.83,9458.26,32,22,11,74,42,4,23,9,19,1,22,3,16,0,2.55,False,5727.0,11518.0
k_cav=8_oracle_occluded,Town05__2023_11_13_23_03_07,rsu_250,23,000304,23,6,8,5,static,True,oracle_occluded,261.97,7050.84,44.96,24.02,7.96,28.4,7156.17,31,24,11,74,42,3,25,6,17,2,23,1,16,0,2.38,False,5725.9,11518.0
k_cav=8_oracle_occluded,Town05__2023_11_13_23_03_07,rsu_250,24,000306,23,9,8,8,static,True,oracle_occluded,252.61,9982.61,67.88,35.9,9.06,30.35,10125.8,34,26,11,74,42,3,24,10,18,1,23,2,16,0,3.2,False,5632.5,11518.0
k_cav=8_oracle_occluded,Town05__2023_11_13_23_03_07,rsu_250,25,000308,23,9,8,8,static,True,oracle_occluded,250.77,10007.11,67.53,27.03,8.18,30.8,10140.66,31,27,11,74,42,3,23,8,19,1,22,2,17,0,3.36,False,5720.1,11518.0
k_cav=8_oracle_occluded,Town05__2023_11_13_23_03_07,rsu_250,26,000310,23,9,8,8,static,True,oracle_occluded,255.24,10435.62,67.13,29.41,8.92,30.57,10571.64,32,26,13,74,42,3,24,8,18,1,23,2,16,0,4.38,False,5714.0,11518.0
k_cav=8_oracle_occluded,Town05__2023_11_13_23_03_07,rsu_250,27,000312,23,9,8,8,static,True,oracle_occluded,255.09,10051.93,68.57,26.89,8.06,32.78,10188.23,30,25,14,74,42,3,24,6,18,1,23,2,16,0,2.22,False,5715.7,11518.0
k_cav=8_oracle_occluded,Town05__2023_11_13_23_03_07,rsu_250,28,000314,23,9,8,8,static,True,oracle_occluded,250.99,9663.38,67.64,25.34,7.51,30.96,9794.84,30,24,14,74,42,3,24,6,18,1,23,2,16,0,2.85,False,5720.1,11518.0
k_cav=8_oracle_occluded,Town05__2023_11_13_23_03_07,rsu_250,29,000316,23,9,8,8,static,True,oracle_occluded,255.51,9566.08,68.25,25.06,8.15,30.8,9698.34,33,23,14,74,42,3,24,9,18,2,22,1,17,0,2.83,False,5711.9,11518.0
k_cav=8_oracle_occluded,Town05__2023_11_13_23_03_07,rsu_250,30,000318,23,9,8,8,static,True,oracle_occluded,251.63,9306.17,67.68,21.07,7.59,31.42,9433.93,30,22,14,74,41,2,25,5,16,2,23,0,16,0,2.85,False,5714.5,11518.0
k_cav=8_oracle_occluded,Town05__2023_11_13_23_03_07,rsu_250,31,000320,23,9,8,8,static,True,oracle_occluded,256.02,10161.77,67.72,27.01,8.57,30.76,10295.84,33,22,13,74,41,2,26,7,15,2,24,0,15,1,3.11,False,5709.7,11518.0
k_cav=8_oracle_occluded,Town05__2023_11_13_23_03_07,rsu_250,32,000322,23,9,8,8,static,True,oracle_occluded,252.41,9640.31,67.45,23.76,7.99,41.43,9780.94,31,23,13,74,41,2,24,7,17,1,23,1,16,0,3.23,False,5705.9,11518.0
k_cav=8_oracle_occluded,Town05__2023_11_13_23_03_07,rsu_250,33,000324,23,9,8,8,static,True,oracle_occluded,248.86,10172.4,74.62,27.74,8.31,31.03,10314.11,33,25,13,74,41,2,25,8,16,2,23,0,16,0,4.71,False,5701.5,11518.0
k_cav=8_oracle_occluded,Town05__2023_11_13_23_03_07,rsu_250,34,000326,23,9,8,8,static,True,oracle_occluded,250.84,10091.27,67.69,27.47,8.69,29.64,10224.77,32,23,13,74,41,2,26,6,15,2,24,0,15,1,3.99,False,5693.1,11518.0
k_cav=8_oracle_occluded,Town05__2023_11_13_23_03_07,rsu_250,35,000328,23,9,8,8,static,True,oracle_occluded,251.07,10525.11,67.81,30.53,8.49,28.2,10660.14,33,22,12,74,41,2,26,7,15,2,24,0,15,0,4.01,False,5685.4,11518.0
k_cav=8_oracle_occluded,Town05__2023_11_13_23_03_07,rsu_250,36,000330,23,9,8,8,static,True,oracle_occluded,254.45,10649.03,67.0,31.57,8.92,40.84,10797.36,34,24,12,74,41,2,26,8,15,2,24,0,15,0,3.14,False,5686.8,11518.0
k_cav=8_oracle_occluded,Town05__2023_11_13_23_03_07,rsu_250,37,000332,23,9,8,8,static,True,oracle_occluded,250.24,9743.48,68.15,26.11,8.6,29.0,9875.35,34,24,11,75,41,2,25,9,16,2,23,0,16,1,2.25,False,5685.6,11518.0
k_cav=8_oracle_occluded,Town05__2023_11_13_23_03_07,rsu_250,38,000334,23,9,8,8,static,True,oracle_occluded,250.89,9760.27,67.72,26.87,8.12,29.99,9892.98,32,25,11,75,41,2,25,7,16,2,23,0,16,1,2.63,False,5682.9,11518.0
k_cav=8_oracle_occluded,Town05__2023_11_13_23_03_07,rsu_250,39,000336,23,9,8,8,static,True,oracle_occluded,256.15,9618.29,67.83,25.51,8.24,29.77,9749.65,33,26,12,75,40,2,26,7,14,2,24,0,14,0,2.69,False,5678.7,11518.0
k_cav=8_oracle_occluded,Town05__2023_11_13_23_03_07,rsu_250,40,000338,23,9,8,8,static,True,oracle_occluded,253.92,10040.9,67.7,27.67,8.62,31.61,10176.49,33,27,14,75,40,3,25,8,15,1,24,2,13,0,4.49,False,5683.9,11518.0
k_cav=8_oracle_occluded,Town05__2023_11_13_23_03_07,rsu_250,41,000340,23,9,8,8,static,True,oracle_occluded,251.02,9590.41,67.69,23.95,7.84,30.54,9720.43,32,25,14,75,40,3,24,8,16,1,23,2,14,1,3.77,False,5689.1,11518.0
k_cav=8_oracle_occluded,Town05__2023_11_13_23_03_07,rsu_250,42,000342,23,9,8,8,static,True,oracle_occluded,251.52,9574.31,67.58,23.88,7.88,46.83,9720.48,32,24,13,76,40,3,25,7,15,1,24,2,13,0,3.62,False,5684.9,11518.0
k_cav=8_oracle_occluded,Town05__2023_11_13_23_03_07,rsu_250,43,000344,23,9,8,8,static,True,oracle_occluded,250.16,9581.05,68.68,24.04,7.97,32.86,9714.6,31,22,13,75,40,3,22,9,18,1,21,2,16,0,4.35,False,5681.8,11518.0
k_cav=8_oracle_occluded,Town05__2023_11_13_23_03_07,rsu_250,44,000346,23,9,8,8,static,True,oracle_occluded,251.61,9669.08,67.44,23.97,7.13,31.65,9799.26,28,22,13,75,40,3,24,4,16,1,23,2,14,0,4.06,False,5679.5,11518.0
k_cav=8_oracle_occluded,Town05__2023_11_13_23_03_07,rsu_250,45,000348,23,9,8,8,static,True,oracle_occluded,251.87,9714.79,67.58,24.34,7.97,30.67,9845.35,31,22,11,75,40,3,24,7,16,1,23,2,14,0,,False,5677.4,11518.0
k_cav=8_oracle_occluded,Town05__2023_11_13_23_03_07,rsu_250,46,000350,23,9,8,8,static,True,oracle_occluded,255.08,9442.14,76.63,22.67,7.53,29.17,9578.14,29,21,10,75,40,3,21,8,19,1,20,2,17,0,,False,5677.5,11518.0
k_cav=8_oracle_occluded,Town05__2023_11_13_23_03_07,rsu_250,47,000352,23,9,8,8,static,True,oracle_occluded,251.14,10000.53,67.99,25.83,7.16,40.17,10141.67,29,20,10,75,40,3,23,6,17,1,22,2,15,0,,False,5670.6,11518.0
k_cav=8_oracle_occluded,Town05__2023_11_13_23_03_07,rsu_250,48,000354,23,9,8,8,static,True,oracle_occluded,251.77,9818.73,67.67,23.96,8.36,28.09,9946.81,33,21,11,75,40,3,25,8,15,2,23,1,14,0,,False,5674.3,11518.0
k_cav=8_oracle_occluded,Town05__2023_11_13_23_03_07,rsu_250,49,000356,23,9,8,8,static,True,oracle_occluded,249.95,8998.24,76.05,18.98,7.76,29.04,9130.07,31,22,10,75,40,3,24,7,16,2,22,1,15,1,,False,5673.2,11518.0
